Actual_RUL,Predicted_RUL
135,107.91
2,9.11
217,194.37
0,1.43
178,116.47
70,109.99
87,117.62
87,80.54
73,101.77
77,144.38
96,186.16
106,142.32
40,44.34
161,187.78
153,157.52
144,135.91
234,197.29
116,133.27
164,99.18
117,100.72
195,153.25
98,82.79
191,206.8
107,131.88
38,27.26
44,40.26
124,104.56
126,196.11
132,133.8
18,27.79
92,69.25
34,34.18
56,48.31
183,110.93
137,167.58
137,173.37
10,8.51
33,43.73
196,153.5
29,31.93
76,54.55
136,141.68
110,139.21
93,83.99
62,85.45
11,12.52
180,109.84
56,76.18
40,42.6
69,89.68
135,93.11
100,161.13
135,179.08
77,105.82
21,24.97
135,184.66
186,223.87
44,26.84
140,168.35
111,165.69
161,154.91
139,142.88
28,28.26
129,123.7
108,135.19
25,26.41
53,101.79
113,153.48
135,92.58
206,228.93
87,72.1
189,185.9
175,175.11
84,96.62
137,147.68
144,135.63
360,220.69
72,109.84
61,86.2
94,152.46
180,127.52
155,119.1
40,39.21
84,101.85
152,182.9
82,66.1
186,174.28
21,19.75
2,6.86
34,32.15
90,88.4
49,77.95
122,115.82
119,154.42
174,185.57
276,206.24
196,203.43
28,46.91
109,176.06
60,108.35
63,41.14
12,14.45
158,172.84
219,166.42
27,21.12
128,85.96
105,81.65
108,87.15
102,132.89
140,132.54
109,152.59
86,139.7
27,30.1
153,180.32
121,156.26
119,77.8
99,55.44
122,184.49
118,103.21
144,210.97
13,5.17
58,51.2
59,50.24
70,110.49
160,207.42
78,122.48
84,88.56
164,121.23
85,78.46
294,180.11
181,175.06
40,39.74
293,198.57
49,123.13
37,73.27
220,206.53
113,147.38
128,97.77
77,64.85
73,104.33
33,42.25
33,37.97
187,176.83
176,164.7
175,136.82
62,72.22
217,173.18
26,23.87
188,149.0
95,118.42
192,174.67
18,17.83
105,190.22
152,156.56
204,213.58
102,101.27
17,17.14
2,3.41
17,33.25
59,71.55
57,49.96
38,43.94
292,123.68
32,28.34
110,129.02
102,152.96
20,9.29
70,127.46
50,60.45
260,184.8
154,136.29
99,129.67
117,112.29
26,48.77
127,210.19
287,169.57
73,72.79
7,9.4
109,81.27
91,57.54
72,73.98
39,46.55
11,9.69
107,150.84
51,63.25
272,198.87
6,5.54
166,179.87
34,36.67
212,168.93
52,63.18
12,17.13
86,78.95
154,205.34
38,101.91
77,93.36
88,81.55
7,5.77
208,210.32
136,107.01
92,115.93
91,72.63
151,151.06
168,197.71
164,168.75
201,134.14
184,206.92
10,6.84
196,198.61
86,138.28
57,82.0
155,125.96
41,76.68
93,80.18
168,181.54
8,17.88
215,176.55
109,132.99
91,92.63
80,127.3
156,182.74
125,121.17
171,197.96
179,194.01
151,144.99
229,126.12
203,215.22
9,16.8
108,113.29
102,106.24
259,204.41
145,166.01
59,49.94
169,175.35
34,32.37
98,68.85
197,196.84
142,116.68
81,111.22
99,164.88
5,7.37
139,148.0
111,115.96
160,154.55
90,128.77
66,93.81
159,162.54
136,85.02
76,103.74
77,76.95
164,176.69
94,144.01
79,67.87
62,66.74
77,114.07
273,194.02
18,9.43
255,172.05
101,139.56
66,97.51
141,150.03
194,205.0
142,101.93
161,141.18
109,142.97
7,3.17
164,158.53
4,8.16
169,143.34
139,150.25
19,24.31
119,171.19
4,8.17
5,9.36
107,159.69
131,128.25
52,37.02
131,147.24
105,174.97
25,18.52
90,144.15
72,140.87
150,130.94
82,136.91
126,145.07
142,105.78
47,63.32
48,99.21
86,80.11
45,40.34
50,75.22
94,88.33
62,70.12
33,37.08
34,69.25
179,189.68
167,196.67
5,10.06
117,97.68
4,3.66
227,126.94
102,101.63
40,67.2
230,235.43
56,36.51
139,198.65
64,118.71
28,20.99
128,120.78
144,161.67
217,207.69
101,116.61
70,92.75
67,95.46
22,20.76
115,154.47
205,174.97
65,125.04
31,30.59
160,185.85
21,23.36
167,130.08
91,81.45
86,136.98
18,31.6
103,153.67
163,187.34
124,182.47
178,184.06
159,180.17
153,164.25
100,109.08
9,9.96
5,5.24
172,199.24
147,172.66
153,107.53
100,177.04
72,79.09
151,156.71
63,68.78
155,126.06
101,119.13
150,140.45
60,92.64
19,17.26
120,99.44
93,108.89
120,189.65
67,84.49
19,31.78
24,22.23
199,180.77
212,125.58
81,72.21
105,123.6
46,34.33
137,141.53
1,6.55
210,122.52
133,131.68
194,122.28
27,19.47
107,83.3
137,145.23
94,142.1
119,99.16
95,62.0
73,95.44
218,114.54
41,43.56
190,117.45
119,149.81
100,170.46
140,111.57
122,75.13
207,166.85
222,208.59
154,205.39
107,137.42
123,121.61
204,193.59
143,197.05
175,159.35
63,49.45
24,31.06
121,151.9
137,124.74
149,170.33
168,157.85
24,21.48
308,203.09
174,184.81
126,160.77
4,7.62
120,167.53
108,112.62
148,92.79
104,104.65
85,109.46
29,31.48
127,77.09
254,151.0
3,7.58
149,178.67
83,75.48
174,212.95
47,53.11
104,70.11
127,121.16
166,181.27
102,139.11
63,67.64
138,136.13
84,105.87
106,107.06
207,158.57
43,44.12
192,189.47
41,74.65
104,122.05
7,4.94
77,34.85
25,35.46
153,191.28
42,79.3
102,83.8
2,1.82
175,224.35
31,29.93
104,159.22
36,29.14
103,101.4
18,21.5
72,97.11
105,152.53
84,101.24
95,63.97
59,88.42
55,50.75
38,40.57
28,42.38
155,170.04
149,81.25
138,189.48
110,111.55
225,171.27
41,78.06
4,4.67
119,161.03
60,61.65
197,219.43
187,192.7
130,74.45
180,162.94
165,170.5
82,127.25
37,70.72
225,196.2
196,154.78
188,182.46
76,75.69
75,145.28
101,96.3
135,164.84
159,174.87
204,77.11
47,82.42
270,221.16
18,19.36
69,104.7
123,139.0
151,115.0
70,66.86
29,25.37
117,141.04
143,137.15
74,118.34
114,108.42
160,170.99
16,28.01
79,86.24
144,143.39
78,63.09
187,201.01
20,23.06
102,98.09
29,64.49
36,84.65
90,69.54
256,182.63
124,153.64
11,12.54
25,35.51
80,102.46
152,83.65
173,150.82
124,86.57
28,59.31
183,202.66
11,12.55
140,198.12
130,116.35
30,38.83
198,176.77
58,91.54
63,82.14
166,145.43
61,107.45
189,181.77
84,91.6
105,112.0
99,97.7
41,73.53
66,110.05
71,93.44
122,185.63
59,66.63
108,117.76
215,132.55
4,6.31
166,158.92
18,22.61
176,173.01
253,202.31
49,42.19
155,175.95
1,2.89
45,68.54
155,151.35
67,82.42
191,129.86
66,118.39
89,99.56
211,115.42
123,86.88
89,118.81
32,44.3
163,151.41
176,205.93
128,154.37
106,141.92
80,111.62
85,159.78
105,142.27
205,187.18
136,137.93
46,68.27
93,100.32
51,61.22
140,135.36
78,88.56
146,143.61
176,144.47
183,158.95
71,114.04
8,9.49
38,34.73
143,145.26
43,75.82
93,82.5
101,71.56
10,15.4
69,106.37
213,214.47
349,194.27
243,179.13
42,40.32
62,77.31
98,152.43
259,177.43
157,197.01
132,120.03
152,213.27
90,122.79
165,164.27
142,134.65
47,39.75
71,129.14
214,180.7
65,66.71
110,113.61
147,219.08
193,178.82
9,6.61
160,179.0
6,5.86
154,144.23
117,192.36
95,91.07
178,94.53
260,214.77
121,131.46
111,106.5
188,158.14
126,125.88
126,100.94
164,140.06
61,58.19
229,188.16
46,53.14
69,64.1
193,178.12
105,88.76
77,77.41
99,168.43
1,6.92
159,207.26
40,51.69
121,126.02
166,154.82
184,199.75
98,78.99
146,147.15
127,109.64
201,150.97
17,30.03
189,188.75
157,166.36
98,130.76
64,68.9
171,186.7
152,190.18
15,12.66
11,6.55
137,166.14
100,175.43
137,189.55
118,101.76
173,163.39
39,29.62
109,77.92
43,40.1
87,73.01
98,121.04
150,154.79
77,53.69
55,72.91
131,114.77
127,145.94
215,149.81
52,56.67
26,29.33
57,61.49
46,61.84
63,61.08
180,169.67
47,91.83
168,145.85
16,21.16
29,24.98
222,221.32
42,42.83
35,43.09
33,39.41
183,134.36
65,80.11
143,140.69
9,17.45
140,130.53
50,60.41
162,167.24
67,95.95
158,167.66
114,85.56
149,101.28
60,87.43
140,155.65
174,182.43
196,191.16
17,9.79
160,134.88
241,173.69
19,23.16
23,23.22
4,5.33
61,116.89
81,91.38
38,31.09
121,145.83
192,139.62
75,61.45
40,36.54
146,141.77
176,150.51
91,141.44
119,93.45
3,9.45
8,3.73
162,129.94
236,208.62
40,46.63
52,60.72
67,135.73
135,120.31
140,70.93
180,101.7
30,32.68
165,147.87
115,131.43
60,59.16
23,21.18
8,11.7
179,155.69
159,167.16
56,93.2
25,48.08
94,77.68
167,177.44
115,148.62
27,53.58
182,182.4
150,177.33
32,47.76
92,122.37
13,14.85
82,73.97
101,105.68
89,78.63
39,46.6
109,137.71
189,167.63
55,132.82
188,182.45
254,195.43
62,100.26
3,7.94
73,68.26
67,128.47
174,103.18
153,183.31
140,124.26
111,182.06
148,159.57
53,64.1
152,136.71
166,186.52
132,153.9
19,8.33
103,133.64
192,185.68
43,25.28
67,51.22
250,155.13
91,124.38
133,157.77
76,124.25
99,168.05
132,118.04
106,106.14
120,134.71
32,25.49
157,117.52
64,86.88
122,195.63
140,156.77
54,60.97
99,84.93
82,141.81
128,134.06
90,95.48
67,74.87
143,129.62
220,172.01
149,200.81
65,72.59
133,169.18
158,163.09
224,124.35
236,151.07
121,146.64
118,121.06
91,106.96
192,153.49
93,127.15
75,63.44
50,80.81
178,176.72
97,132.46
109,94.63
107,103.31
216,178.66
1,3.45
0,3.04
221,165.62
102,149.33
140,206.35
273,119.42
97,144.57
8,17.79
5,5.79
113,169.61
19,47.43
128,100.07
53,36.22
53,109.63
23,34.19
51,57.12
214,201.35
147,111.65
54,82.29
111,84.51
107,109.69
53,126.64
142,163.68
51,91.61
168,175.26
40,95.41
86,86.85
21,28.21
95,115.05
141,174.92
16,31.64
147,192.58
25,17.04
78,98.2
27,27.81
125,151.42
110,120.45
105,144.73
46,75.63
99,102.89
86,111.53
58,92.35
152,158.99
45,100.93
160,177.37
176,191.93
177,203.66
186,193.08
35,28.59
137,120.24
95,105.25
176,175.61
173,190.0
104,98.56
93,165.8
186,188.44
92,119.14
27,24.33
213,122.06
119,130.37
160,163.76
138,151.5
95,99.15
130,184.03
33,37.66
27,34.42
163,153.54
197,164.06
40,44.0
70,97.12
217,153.69
155,174.81
70,88.92
146,89.09
95,118.1
11,8.92
74,91.91
71,86.59
30,18.85
214,151.25
136,106.97
168,142.09
203,196.88
49,85.36
121,72.99
63,118.83
11,25.17
169,193.3
54,58.98
204,183.06
139,193.67
155,134.75
191,216.24
185,96.17
69,45.7
234,175.33
198,191.96
15,13.39
6,10.0
306,179.74
14,13.16
190,178.61
163,221.01
81,109.8
63,72.73
130,139.67
141,205.53
238,194.14
85,138.59
56,48.23
87,115.44
62,98.99
109,188.7
3,2.62
137,195.95
92,156.86
125,156.99
72,67.41
173,218.04
150,167.38
132,106.64
59,87.05
25,23.18
132,151.13
120,152.8
38,62.11
94,114.02
110,114.39
43,99.39
145,87.32
65,116.78
31,40.39
157,182.77
89,81.77
135,115.69
127,132.22
31,60.43
112,83.18
11,8.55
97,119.68
7,8.67
92,176.88
217,175.41
83,114.38
76,138.16
125,148.25
142,158.75
79,117.86
140,184.24
11,17.3
64,70.56
98,126.16
143,119.1
228,214.19
227,157.79
292,167.25
25,48.53
165,128.51
146,145.95
140,129.84
106,83.25
172,132.37
183,162.14
60,78.63
226,180.46
25,29.2
49,110.16
173,189.26
202,101.18
163,184.99
46,42.95
31,34.46
31,99.22
158,163.9
125,158.17
52,45.65
50,49.65
101,65.02
83,94.87
157,189.93
98,97.18
238,195.31
188,184.6
184,135.93
35,40.49
97,54.98
153,173.88
158,135.93
161,131.49
8,10.47
140,150.92
132,208.74
74,59.47
134,193.66
33,81.37
79,131.69
30,38.51
38,37.58
147,123.96
138,162.97
2,3.3
12,19.08
69,75.23
175,212.74
132,185.47
224,180.44
37,34.65
187,134.94
225,211.82
46,45.56
207,151.45
135,170.53
224,229.96
115,123.32
230,120.0
31,36.65
172,86.74
42,58.5
56,47.71
129,164.46
125,129.41
170,175.78
106,150.56
172,157.5
133,102.74
224,162.03
249,189.96
101,101.63
228,153.16
129,136.44
205,192.86
114,135.79
122,128.93
152,118.84
136,151.96
118,183.75
24,29.07
44,38.37
200,198.02
66,64.89
213,209.67
46,55.98
103,133.85
28,32.07
171,167.17
44,56.84
44,91.05
110,168.71
73,83.13
20,34.94
86,72.74
12,16.57
212,208.47
62,43.2
18,15.8
108,118.22
152,148.58
40,51.89
6,10.32
178,91.61
189,197.75
213,131.15
99,128.53
5,8.61
30,25.04
104,97.76
45,49.25
74,82.05
149,156.03
38,70.82
6,10.54
48,78.62
66,59.41
41,50.42
156,142.26
82,82.77
116,155.31
72,125.54
90,62.06
95,119.97
160,157.72
21,24.75
205,149.65
107,103.1
163,202.0
135,93.98
265,173.68
129,132.44
139,122.27
183,190.45
131,96.98
121,110.19
163,155.19
33,48.73
34,32.57
136,168.76
45,39.85
189,218.93
49,63.73
36,46.92
121,198.22
43,73.11
123,162.23
206,94.7
91,76.0
88,172.84
130,153.16
71,110.94
235,194.65
155,179.72
186,204.81
103,162.67
169,158.78
116,159.72
240,161.12
189,184.36
142,121.33
154,165.97
170,143.56
105,107.07
0,3.45
181,161.76
161,178.15
133,130.86
101,119.59
17,22.72
51,41.49
35,44.58
2,15.36
211,183.73
164,153.54
93,82.81
175,138.23
158,158.63
75,74.74
135,196.45
215,156.73
239,191.13
138,171.08
27,70.28
223,187.17
15,9.6
45,94.42
15,27.15
102,125.16
138,136.54
44,51.85
160,203.07
202,171.85
197,194.61
11,9.04
167,163.54
13,16.87
138,123.96
222,199.02
6,7.31
41,39.38
128,124.9
198,187.78
116,101.95
101,143.08
234,187.29
4,6.53
144,70.11
11,12.42
34,17.34
43,56.6
250,180.34
166,162.88
231,185.65
113,88.18
31,46.74
166,191.66
124,113.04
2,4.5
141,127.24
290,180.78
157,125.81
34,52.16
13,14.38
99,90.77
101,154.61
194,218.28
125,127.81
98,76.61
73,71.51
192,180.2
187,140.68
34,62.09
44,50.09
129,171.83
125,149.23
205,175.08
222,144.08
61,112.41
120,99.8
171,200.11
33,32.25
194,192.45
61,59.28
162,150.89
68,74.26
133,134.28
76,132.3
108,187.9
48,97.19
178,121.58
121,135.21
186,192.82
55,85.81
12,19.94
230,222.22
119,149.95
148,171.25
200,190.31
148,154.17
63,84.19
197,141.19
18,12.84
112,149.45
89,62.34
218,214.23
32,41.49
38,51.37
68,71.47
164,152.49
54,64.15
165,163.38
235,204.78
64,116.69
133,156.43
102,109.0
125,119.47
124,79.34
32,32.81
1,4.27
9,7.92
9,9.37
148,222.68
53,91.39
144,143.88
189,134.1
228,214.68
45,40.6
41,26.24
69,116.12
158,184.41
103,73.68
87,66.76
110,124.7
2,4.04
181,199.23
183,212.65
15,18.07
156,182.02
158,159.64
85,81.68
161,150.13
163,191.55
88,70.43
176,183.77
136,115.73
16,14.12
262,190.88
63,56.19
160,182.28
175,192.86
53,68.39
165,168.26
205,199.3
1,5.7
143,102.44
173,178.71
139,223.19
55,64.6
30,34.02
199,203.67
148,203.18
5,7.21
219,139.95
169,140.77
41,33.94
41,77.86
30,26.2
24,9.03
75,92.05
216,139.79
158,138.12
22,24.17
51,62.81
154,170.15
194,149.15
193,207.76
93,77.16
107,165.67
47,52.0
99,96.87
24,30.58
260,206.84
213,155.66
230,173.22
42,38.28
94,127.28
176,122.73
27,26.75
129,125.82
27,40.14
202,169.55
3,1.71
2,4.05
81,114.99
165,148.06
6,4.99
99,145.27
10,11.05
168,178.42
61,118.86
42,48.31
164,173.81
6,18.09
30,23.73
94,70.37
151,165.49
0,1.63
142,126.08
14,15.41
24,14.85
42,28.05
65,83.01
1,5.39
5,6.9
125,83.27
40,56.94
149,186.93
89,82.51
203,170.51
50,46.84
123,162.92
140,151.31
51,50.34
189,154.94
125,192.59
52,100.43
111,124.63
30,32.07
125,113.78
160,161.79
159,127.32
49,89.73
30,58.22
107,75.77
188,118.38
30,51.26
27,48.67
30,45.79
163,157.66
74,138.26
118,71.84
171,176.62
6,9.4
50,99.3
46,40.17
111,116.22
176,185.07
108,77.48
78,102.09
107,106.85
137,154.83
159,201.15
141,146.88
158,218.74
37,34.14
142,144.5
9,9.51
132,182.1
23,57.59
101,89.63
228,163.32
190,196.41
8,7.3
128,171.93
117,163.44
76,77.26
10,7.33
26,63.97
25,48.81
154,202.71
25,25.47
184,210.59
190,203.28
71,64.95
157,176.71
47,87.75
116,102.37
36,54.58
85,102.38
140,161.65
235,144.09
148,139.68
225,169.26
6,9.54
121,178.92
130,165.06
70,83.01
120,148.65
85,133.4
69,46.32
40,30.57
1,3.65
57,88.61
15,21.15
61,55.38
101,116.42
268,212.2
120,87.06
197,184.18
93,90.78
110,120.75
110,99.94
108,130.46
103,99.5
160,166.45
54,78.7
93,72.52
166,208.56
65,113.35
114,91.7
173,207.24
105,135.97
139,172.6
26,21.8
99,109.67
2,5.64
164,185.61
234,130.82
151,148.44
33,87.47
95,134.56
138,166.54
108,84.2
79,118.78
181,145.61
103,116.06
166,82.99
4,5.79
21,23.38
135,132.79
67,54.58
151,120.64
26,17.07
59,51.3
20,26.69
31,32.28
160,146.18
154,147.48
132,96.07
209,177.81
60,107.77
131,123.71
50,64.73
151,104.23
98,97.8
115,118.26
193,193.95
93,102.47
296,135.81
100,139.75
83,68.95
69,64.82
112,125.15
89,82.75
66,61.55
143,152.31
108,142.56
51,84.04
84,97.46
96,109.82
273,186.03
150,161.12
4,5.14
34,54.21
56,40.87
23,21.42
24,18.66
65,69.75
78,143.59
115,123.05
49,48.02
66,58.78
122,135.13
31,44.39
225,212.93
149,197.64
41,47.35
152,111.57
34,49.98
140,169.98
257,191.48
165,137.86
234,238.46
60,76.04
110,102.9
226,188.11
209,163.84
61,50.99
92,75.28
158,198.56
60,31.62
40,41.31
68,128.29
254,170.95
185,146.85
41,97.32
157,153.47
103,133.66
134,125.43
171,195.75
34,55.0
22,29.74
59,124.93
100,107.14
130,165.06
12,16.96
132,144.16
85,136.08
132,112.95
123,133.91
119,186.58
24,17.78
66,50.27
47,46.94
57,94.2
147,182.71
192,176.47
172,164.84
58,53.84
69,106.59
172,165.88
154,195.83
14,10.78
237,188.27
134,152.03
38,88.69
1,5.47
55,61.39
2,6.56
150,153.16
111,83.74
246,199.72
160,99.6
40,67.36
90,158.14
61,90.23
126,158.69
176,128.32
1,4.75
180,190.54
26,11.1
158,159.67
72,52.44
182,190.08
278,212.63
174,183.96
114,90.41
53,48.8
83,121.81
10,9.76
232,168.8
61,81.09
48,76.12
91,109.77
28,33.38
217,167.77
133,163.19
80,128.53
106,117.27
109,97.91
37,42.92
196,206.4
281,200.44
54,62.24
23,17.37
167,187.59
103,150.56
118,158.73
199,125.88
19,24.64
99,133.32
111,113.98
215,180.16
92,114.19
137,126.93
32,76.94
44,35.57
27,58.11
231,190.82
80,112.18
135,131.04
76,69.59
59,41.17
120,125.37
161,169.73
41,44.49
38,43.84
156,105.91
43,46.36
140,160.18
59,100.64
136,153.02
116,101.89
57,98.83
145,133.72
120,127.0
59,91.05
112,173.33
328,171.1
175,126.63
35,34.78
50,56.79
78,97.46
70,96.81
124,137.77
32,22.66
21,14.13
188,187.36
43,87.48
40,75.75
90,108.88
80,80.78
109,136.61
106,101.35
56,92.74
147,122.1
41,70.91
20,16.42
84,112.21
113,154.48
55,66.85
128,160.61
28,46.48
242,167.44
60,60.83
153,210.48
102,128.14
146,99.25
183,184.18
130,126.44
162,121.92
22,36.95
83,73.22
90,162.03
146,186.55
134,155.28
172,200.08
131,162.84
75,92.67
254,236.12
73,76.26
111,125.51
1,3.39
133,102.62
149,119.91
142,155.58
208,198.91
179,166.51
53,45.42
207,193.82
73,83.94
77,118.18
47,66.04
58,59.7
119,138.25
192,226.11
3,6.57
88,135.06
221,213.3
153,170.0
265,177.71
195,104.64
79,56.55
17,28.93
52,77.33
31,21.29
201,185.08
140,171.95
173,177.43
214,174.12
217,191.98
55,44.33
45,35.17
89,73.96
114,138.9
53,61.09
237,199.37
184,118.11
69,64.55
52,109.66
205,169.81
120,134.43
170,91.51
14,14.13
55,80.28
61,96.52
189,156.5
42,86.27
29,34.31
112,136.26
177,136.72
173,194.86
285,161.95
116,107.0
52,44.69
53,46.6
88,57.13
56,52.42
3,3.14
238,193.24
85,146.29
77,107.65
249,121.47
41,48.78
259,189.15
146,84.65
204,130.98
207,191.56
83,60.45
98,98.02
126,169.5
50,53.17
188,181.15
63,71.04
108,129.38
115,168.05
70,111.34
133,132.05
119,99.57
190,197.26
157,154.6
191,164.37
108,128.01
139,158.68
95,82.93
8,15.85
45,33.54
78,105.44
108,147.08
109,90.36
173,111.77
205,181.74
94,159.15
26,30.13
4,2.78
258,122.29
142,186.23
25,49.13
171,175.09
11,14.46
55,72.82
191,179.66
33,35.02
66,52.15
221,172.84
188,200.65
95,153.39
36,36.17
120,139.47
76,132.04
209,122.79
95,59.94
71,95.26
178,196.7
26,30.87
137,174.33
149,122.32
64,100.24
43,32.86
272,195.33
72,57.39
51,57.95
146,187.68
166,174.01
170,169.04
72,102.63
119,115.92
163,190.66
95,87.32
132,138.13
102,68.75
141,141.48
98,116.7
127,146.38
43,54.67
190,215.17
57,124.54
114,118.81
122,154.24
39,39.5
41,28.03
20,25.24
102,75.0
121,133.58
8,8.14
189,181.73
97,112.61
9,7.9
108,179.74
132,165.93
47,60.21
100,152.83
244,185.71
92,116.58
107,108.19
5,10.93
101,87.92
176,163.2
125,99.59
111,100.59
84,117.97
154,184.98
54,49.46
21,15.6
17,20.18
86,127.76
147,172.6
88,132.12
145,169.21
275,142.24
11,6.36
52,61.24
88,94.4
48,79.9
292,179.13
180,197.53
19,19.43
100,116.89
177,116.72
95,129.74
43,131.41
2,2.81
82,116.68
31,55.07
20,43.75
203,144.99
72,137.01
89,78.86
62,73.43
82,96.96
156,181.17
151,167.23
77,72.83
91,160.45
173,183.55
179,207.35
115,190.87
3,9.97
149,150.93
70,62.85
78,77.76
134,132.71
95,90.74
31,90.57
198,165.16
31,35.96
168,221.05
133,128.98
216,214.98
175,181.33
244,161.78
134,167.89
29,23.13
92,102.91
10,12.85
150,168.53
94,80.24
271,198.09
26,61.26
106,71.56
125,128.68
242,139.46
19,29.88
54,76.86
11,11.38
37,31.82
201,184.15
20,45.12
125,113.02
4,7.5
196,229.73
98,129.27
121,125.65
310,171.05
148,110.35
10,11.44
23,37.72
161,178.56
123,202.73
38,21.59
135,172.89
39,19.99
54,50.53
97,91.28
29,42.25
51,52.78
9,5.87
36,24.76
70,116.35
107,169.51
99,125.92
14,16.97
133,111.26
69,75.24
42,50.85
55,97.6
73,53.6
54,51.92
86,139.78
52,43.16
7,7.53
121,155.73
29,45.54
172,144.4
35,40.17
8,11.74
162,201.46
41,79.24
129,185.06
180,156.44
107,173.59
193,129.71
150,131.94
109,76.63
204,177.69
153,141.27
85,110.93
83,109.83
178,174.16
130,180.53
304,155.16
18,26.19
120,98.91
176,173.03
182,122.78
47,25.96
85,99.64
214,187.49
36,36.46
77,149.54
32,38.09
49,68.25
28,27.09
113,111.88
52,50.11
7,12.53
186,176.14
159,161.26
32,34.26
233,203.12
51,147.55
36,86.05
209,185.75
136,149.87
89,48.64
66,73.62
59,62.34
44,23.81
26,31.33
149,175.37
187,142.53
151,162.73
11,7.23
117,116.52
186,137.55
84,61.43
58,56.78
185,177.82
20,19.47
145,179.49
3,5.71
105,71.84
128,135.78
106,136.33
184,127.94
148,145.89
29,20.79
257,130.34
191,154.68
77,72.87
10,13.31
92,82.06
131,180.61
99,105.18
137,152.51
175,229.67
17,34.13
55,53.46
64,92.48
146,197.23
186,165.82
173,193.87
92,108.49
158,129.57
80,149.67
188,187.72
163,160.03
245,121.24
10,15.97
46,74.7
26,37.14
136,157.53
10,19.18
188,223.61
191,189.66
256,154.76
34,38.65
185,180.34
50,55.28
104,96.74
158,158.8
206,135.03
86,60.18
149,161.02
244,129.81
8,16.55
102,163.27
134,129.16
44,72.59
155,207.64
132,182.14
169,160.47
205,124.82
151,91.6
233,136.11
25,46.9
58,91.86
40,30.52
207,193.2
95,62.58
91,139.8
164,128.2
110,163.8
109,183.96
106,119.19
105,195.11
122,155.26
149,202.94
92,145.14
221,147.98
40,50.13
44,54.25
22,42.92
112,109.88
144,135.96
38,58.18
165,177.36
51,67.98
6,11.38
52,62.37
146,203.88
94,98.49
127,148.89
92,77.12
72,67.94
63,78.55
84,145.53
140,144.51
58,80.08
96,65.25
40,63.97
87,123.06
65,64.91
36,33.8
157,158.39
132,162.11
51,104.41
145,184.34
177,167.2
52,44.15
146,85.09
55,75.41
93,61.03
118,207.85
50,87.39
26,30.12
145,130.06
59,40.08
72,84.78
114,141.99
245,211.11
235,221.77
84,153.9
54,55.21
84,90.36
26,17.75
104,117.98
204,179.86
81,83.33
115,82.37
16,19.67
91,87.8
184,219.28
117,135.51
62,61.93
159,187.36
127,156.38
99,112.05
279,230.91
138,162.16
27,30.11
152,167.05
5,3.65
84,85.68
174,183.19
242,117.17
0,10.43
89,83.96
183,200.59
107,127.41
277,204.38
282,133.53
228,164.21
145,143.88
91,127.55
2,5.2
159,171.86
27,22.3
13,17.43
140,188.76
124,91.56
44,85.0
52,96.18
39,42.9
173,142.23
231,140.27
115,126.91
83,91.26
141,149.86
174,202.58
15,21.27
227,167.96
190,105.49
186,154.67
17,20.14
56,53.37
89,114.36
86,90.85
179,191.42
132,105.75
45,50.65
137,111.03
105,134.2
71,110.31
104,96.56
10,15.07
66,89.1
124,74.87
48,63.19
64,69.05
172,183.77
112,98.58
92,73.16
79,88.0
61,118.04
134,136.8
139,153.97
148,170.11
174,172.84
143,105.95
197,198.44
155,198.18
163,173.32
31,63.23
179,202.59
180,198.51
88,95.04
22,19.29
18,23.59
206,164.98
178,202.14
141,154.32
143,191.16
63,105.36
77,114.23
68,98.77
52,55.08
171,183.31
47,68.73
101,96.33
122,189.86
114,172.72
165,145.36
69,58.41
271,165.09
66,78.14
60,70.17
50,100.32
302,202.64
112,131.53
115,106.84
21,37.1
103,132.56
91,84.72
192,151.27
163,152.91
113,107.85
94,175.29
201,203.93
143,112.41
118,92.64
23,49.82
22,25.42
125,162.29
234,165.84
87,111.7
151,170.16
169,184.39
250,196.0
185,148.21
1,3.22
0,2.83
70,103.37
257,190.99
20,32.36
169,168.39
208,159.4
78,55.11
85,102.47
79,73.18
141,161.84
8,6.97
47,41.64
174,174.13
138,110.96
162,203.28
239,123.44
80,94.55
36,44.0
79,173.53
109,145.26
14,14.24
48,85.7
150,158.57
10,12.18
178,144.82
71,96.68
105,104.38
282,222.35
82,68.85
29,44.08
40,52.51
154,180.73
32,25.43
188,138.72
30,54.44
129,173.74
48,45.9
141,168.35
74,87.15
159,89.7
263,221.24
103,136.68
221,195.54
22,33.31
139,137.16
223,197.86
137,105.82
121,150.35
76,73.9
55,54.81
27,58.15
110,128.31
45,42.0
71,87.41
200,184.17
114,161.62
28,35.95
89,129.3
114,139.0
22,13.29
63,50.7
94,83.43
137,172.09
103,144.45
4,11.95
97,108.25
6,12.12
12,33.9
198,202.95
159,163.95
170,105.27
41,24.95
101,99.66
66,68.66
101,109.75
121,172.29
0,3.02
140,100.36
243,192.0
146,168.16
150,163.55
165,168.78
91,122.63
264,182.05
23,48.98
263,193.31
105,89.2
176,158.88
101,127.03
180,194.78
96,89.34
206,185.36
10,9.69
171,111.29
39,36.36
71,90.5
163,155.57
215,186.15
5,8.4
207,125.43
67,94.14
21,12.87
127,155.55
9,14.99
219,124.9
139,189.11
34,27.04
101,153.98
154,134.91
156,196.02
112,179.97
193,119.88
359,214.87
83,85.45
274,180.0
160,155.39
141,161.1
168,145.77
97,86.58
133,116.96
144,183.75
155,179.75
205,147.7
124,97.71
106,103.76
65,111.78
201,219.18
59,129.65
95,120.19
153,155.58
106,140.33
189,216.34
43,41.63
133,156.34
51,44.47
81,76.83
135,139.14
2,1.32
63,50.38
208,176.93
62,58.08
187,154.19
104,48.25
93,76.55
166,161.73
35,30.37
155,185.51
311,182.87
123,164.96
92,86.69
56,40.14
47,52.09
154,146.5
204,143.31
3,7.3
142,110.92
71,34.9
68,49.83
6,12.67
219,135.64
238,121.19
187,204.76
14,16.19
116,162.4
94,112.56
172,102.19
0,6.59
21,38.08
44,86.84
117,145.89
0,2.88
174,185.77
34,32.59
150,161.79
134,149.46
247,169.36
38,37.57
28,31.68
35,40.47
79,65.98
20,20.1
101,142.91
91,71.88
10,9.35
154,83.77
118,74.48
81,119.7
241,192.62
209,211.26
12,23.83
8,8.12
4,6.08
36,27.02
209,179.57
143,136.37
124,137.78
218,195.54
271,204.17
25,27.79
133,112.84
69,105.84
83,95.94
261,207.18
38,69.45
210,196.86
82,82.06
166,110.2
6,9.04
220,132.69
206,124.43
45,45.53
174,184.3
141,207.52
12,14.78
23,16.23
258,172.08
68,110.94
77,115.91
138,100.7
0,7.29
166,201.16
327,166.59
21,25.13
182,205.47
19,16.81
20,23.58
70,66.5
189,212.6
5,12.46
208,116.06
8,9.54
133,91.5
65,126.16
75,83.33
124,185.64
185,202.9
190,217.73
157,157.75
52,116.46
157,172.29
91,135.35
10,13.26
26,33.77
33,35.95
72,53.7
80,76.2
144,147.82
99,70.79
97,122.99
5,6.48
9,7.02
62,133.8
219,188.3
45,42.02
195,174.24
190,168.23
108,131.96
146,128.62
121,180.75
130,146.52
115,91.72
106,96.78
122,113.84
65,66.48
0,1.26
155,111.19
144,146.9
79,94.23
132,103.76
70,96.89
124,168.59
89,128.36
118,116.68
71,102.21
190,139.52
200,159.92
13,14.47
127,154.75
58,55.44
193,161.74
144,180.04
80,59.8
52,56.26
142,149.73
193,220.63
96,104.03
165,195.08
197,133.92
275,150.95
8,8.01
132,127.69
109,150.71
132,118.32
122,165.71
113,100.3
153,121.53
175,163.23
243,208.9
50,71.77
13,11.32
85,110.96
124,145.16
27,21.67
64,112.08
168,189.04
33,45.19
177,203.99
241,138.83
26,25.29
71,149.64
70,85.66
278,169.7
128,85.58
9,6.83
124,102.53
22,20.5
192,173.31
174,134.38
7,4.59
66,48.08
130,138.33
56,54.55
2,3.1
115,140.8
38,84.86
15,19.79
12,11.46
155,170.96
79,79.24
131,72.09
165,202.65
154,105.8
191,181.9
31,34.57
104,75.56
127,123.22
145,108.61
66,144.9
24,20.57
169,175.6
116,119.97
160,109.24
145,229.36
165,211.89
158,190.03
75,51.0
104,88.34
166,136.57
12,7.87
188,180.54
231,104.38
55,56.13
65,70.45
55,125.37
60,93.16
113,127.28
24,33.85
160,172.07
67,97.88
163,179.71
64,40.3
141,174.12
118,84.39
111,111.02
144,181.13
103,171.57
107,127.44
17,19.51
128,177.95
102,80.55
2,5.81
111,93.52
40,41.34
107,103.74
113,105.88
156,145.9
195,154.22
48,35.13
36,52.78
51,65.47
121,73.26
115,178.15
176,166.48
18,31.05
56,90.5
128,193.41
101,117.54
222,196.97
60,55.7
141,171.43
17,20.38
181,176.81
205,127.25
160,196.11
137,206.75
50,46.04
229,153.69
92,92.09
58,72.77
162,173.97
45,51.65
194,151.02
29,21.34
152,194.46
210,133.5
108,63.74
76,82.09
20,35.17
151,244.17
200,159.65
16,50.12
173,190.7
124,121.96
65,51.91
143,144.42
57,49.47
146,120.9
261,200.46
182,183.48
144,89.24
65,53.64
125,142.77
82,93.23
127,130.81
151,140.1
151,211.88
6,15.72
131,166.14
86,56.9
87,114.75
124,159.72
146,133.96
18,22.05
18,20.71
83,122.2
195,201.5
107,110.53
100,91.84
179,133.9
179,159.77
32,20.79
34,82.75
158,187.18
73,95.35
119,129.36
234,107.77
175,138.33
22,23.98
78,81.0
113,96.78
64,64.2
27,17.34
91,90.64
270,177.94
186,184.63
142,163.29
212,145.4
122,176.63
183,202.77
40,86.86
116,159.91
25,25.87
2,3.8
54,82.45
23,26.36
74,66.41
229,163.35
25,49.58
115,83.72
116,142.69
119,113.92
105,178.31
139,105.1
12,6.81
48,29.27
150,197.18
196,205.93
7,16.18
75,109.44
119,199.57
104,109.12
82,70.96
7,10.74
100,81.41
123,133.37
165,129.77
43,32.6
107,144.7
34,61.81
104,92.4
33,71.97
152,168.14
147,160.74
33,33.91
132,205.13
46,67.8
29,27.03
144,149.45
139,136.52
91,77.05
110,99.53
50,51.06
66,75.94
37,18.88
255,168.64
24,23.67
215,213.25
50,50.36
54,102.12
120,75.88
93,140.6
25,43.43
94,121.01
62,64.05
54,59.6
166,183.47
101,103.0
52,99.63
151,166.57
158,128.87
128,155.24
83,51.06
109,157.84
17,22.77
194,111.27
135,144.35
193,169.35
47,43.21
223,142.61
37,38.79
122,128.08
76,99.35
132,141.44
30,32.85
122,149.84
98,125.4
346,199.39
260,170.13
138,197.21
95,101.03
10,3.83
27,17.35
185,213.56
169,158.67
131,168.39
334,205.98
155,213.41
60,47.35
54,114.07
150,133.6
72,75.93
178,223.74
111,130.77
110,185.19
115,141.24
56,68.3
61,71.53
62,87.64
146,130.89
189,173.86
173,186.24
33,35.93
4,7.42
92,106.82
14,20.17
323,198.89
41,62.44
27,28.98
63,61.1
37,32.05
42,92.78
79,118.48
36,32.55
8,18.29
200,189.35
48,65.04
260,124.41
105,124.36
21,24.17
277,122.72
319,187.39
172,183.67
128,123.37
73,107.32
199,199.22
96,117.1
233,167.4
24,38.53
55,64.8
265,197.86
106,59.75
1,5.34
52,57.63
10,15.23
158,174.43
103,151.99
96,160.22
99,144.42
32,33.11
202,219.49
242,162.37
133,149.56
161,169.43
113,168.14
21,15.98
177,180.18
124,120.18
169,175.24
47,81.84
165,167.86
72,105.15
73,42.44
59,130.29
140,198.17
93,132.92
12,16.46
188,225.91
94,103.48
4,5.96
49,57.19
92,80.05
116,87.78
174,129.86
105,86.58
6,3.37
106,173.36
177,173.98
124,118.32
246,163.97
40,48.63
38,46.71
139,111.1
130,109.55
129,137.26
205,201.59
138,169.24
34,38.22
123,122.73
133,183.6
78,82.33
44,44.54
114,92.81
72,66.11
94,94.55
144,81.75
88,92.18
125,150.15
183,207.91
77,124.24
150,202.9
134,160.31
104,95.25
49,51.53
155,147.48
26,24.57
52,42.88
280,200.79
140,167.01
131,141.79
42,51.54
13,33.0
234,164.06
110,154.1
18,18.6
117,127.4
28,35.89
11,10.84
123,161.91
215,184.82
126,161.46
118,158.61
172,172.27
19,20.34
97,159.98
197,174.07
132,158.89
270,196.73
4,2.02
25,36.1
22,22.27
24,9.32
146,156.51
46,45.5
47,39.82
118,108.04
105,95.01
3,4.2
99,67.08
18,16.63
111,95.87
167,173.06
91,123.39
16,12.86
146,155.82
187,161.79
165,178.02
39,44.23
171,157.5
26,44.02
216,139.29
150,161.02
230,128.09
81,69.5
139,189.05
207,238.05
95,132.17
148,79.05
173,144.2
133,150.39
17,19.07
125,115.46
51,65.76
74,66.77
110,117.38
223,125.1
71,57.15
82,108.61
215,179.86
96,111.71
92,164.36
92,149.66
15,12.82
311,203.87
95,67.44
219,182.33
131,118.59
79,92.33
65,81.69
244,149.62
185,196.75
190,171.92
248,203.0
174,147.52
180,177.69
171,180.28
36,45.95
66,65.56
136,193.34
71,119.02
74,69.0
60,48.02
122,131.24
164,153.64
139,177.35
147,140.3
110,128.52
143,163.41
107,136.23
119,208.77
121,130.58
18,16.49
127,167.26
37,30.74
32,25.18
86,120.39
61,63.59
117,93.66
203,164.69
82,108.29
36,61.38
160,152.35
124,102.34
120,104.88
226,156.27
22,23.05
67,66.82
128,169.91
28,72.15
180,124.01
49,82.95
232,158.53
147,217.22
183,197.81
55,41.93
133,192.37
39,36.78
197,144.7
5,12.51
92,90.95
18,26.41
97,95.45
69,94.21
10,6.57
67,52.92
65,57.94
166,137.57
174,156.96
65,79.58
87,122.3
121,176.43
140,150.7
15,22.07
154,191.52
18,19.82
36,31.27
161,193.71
94,163.5
15,17.51
122,142.11
178,186.25
170,212.98
197,199.35
104,153.0
30,36.57
8,6.66
74,66.86
131,188.73
76,75.65
80,84.15
205,196.05
205,161.93
37,42.18
76,108.72
105,109.42
76,66.08
115,142.74
200,125.35
124,196.48
164,135.14
185,196.03
225,152.36
152,180.61
98,104.67
95,95.23
37,31.83
252,194.64
73,104.48
113,119.94
213,194.75
109,87.06
108,93.91
67,61.36
121,119.35
78,68.68
92,122.2
15,38.72
29,28.94
152,174.59
71,131.6
57,100.55
3,18.85
116,164.54
126,118.36
156,194.03
49,101.04
152,189.78
54,89.64
183,97.45
97,101.2
66,117.47
115,135.91
9,11.52
53,53.88
118,119.68
64,66.71
123,95.1
70,84.38
133,189.13
127,151.61
92,115.99
102,132.1
172,193.48
50,68.84
148,127.81
170,177.31
136,140.51
12,3.42
58,51.72
31,31.03
188,199.2
75,71.27
157,208.41
150,147.67
189,143.22
219,155.04
76,62.48
62,47.47
48,50.8
34,69.42
106,156.7
114,111.22
74,96.92
123,113.73
216,185.25
55,89.2
58,73.73
74,117.69
48,73.38
16,32.57
91,99.81
348,180.11
168,141.07
159,189.45
239,166.08
74,86.72
22,27.23
59,79.78
107,140.16
180,112.0
132,140.65
126,97.08
40,84.52
203,198.95
115,117.09
132,146.74
191,222.67
124,138.17
105,103.85
175,183.12
214,154.84
56,85.85
74,128.48
96,133.99
134,156.61
104,116.75
21,36.23
145,202.15
134,141.6
208,197.14
2,7.15
114,116.26
23,21.14
110,167.81
22,22.73
62,51.57
171,204.8
113,108.08
119,107.57
132,140.97
84,107.06
177,141.05
59,47.13
0,5.2
85,72.34
52,42.37
33,29.63
105,117.01
67,92.34
135,112.17
110,129.32
111,119.02
2,5.86
165,169.96
48,39.04
85,140.1
198,184.5
79,128.0
225,228.46
128,137.13
60,85.52
133,165.94
176,193.16
137,201.02
132,104.87
121,85.12
67,55.53
199,179.87
140,118.48
196,186.82
65,64.95
109,110.63
49,48.33
192,168.4
239,203.77
143,110.42
123,116.49
66,53.19
96,120.73
119,184.88
209,218.82
68,76.18
45,89.13
57,92.3
123,144.55
1,7.86
125,116.33
39,30.17
146,120.28
93,88.79
23,24.29
69,138.9
142,189.3
43,88.74
120,141.58
152,142.42
23,13.28
115,189.66
15,39.47
175,158.61
113,125.02
39,49.27
169,182.28
148,174.41
26,25.68
96,76.11
147,137.01
139,121.27
77,95.91
136,111.98
21,22.37
53,56.03
219,168.45
0,3.44
3,7.18
175,202.86
139,151.07
196,207.9
12,11.92
124,161.03
9,12.09
44,36.61
115,176.11
46,82.49
90,95.67
208,158.52
186,164.86
58,47.71
104,114.21
21,29.82
90,134.81
173,124.03
52,70.05
110,98.28
22,48.4
79,93.75
273,221.08
29,45.69
54,60.34
59,53.74
102,108.42
179,174.45
3,5.47
109,167.59
20,27.51
31,37.36
101,63.07
23,17.82
132,132.8
169,171.27
182,199.31
148,163.95
113,153.49
200,195.3
149,177.11
110,94.95
240,184.09
36,25.62
138,132.68
117,125.7
216,136.1
245,177.32
105,66.3
20,27.67
170,189.98
116,106.98
166,170.52
86,66.65
198,162.53
164,159.13
98,117.11
110,104.05
206,127.36
59,93.68
97,125.25
23,26.07
76,124.01
54,44.49
58,135.86
75,88.81
5,4.62
45,51.1
114,141.09
242,154.19
34,51.64
89,75.43
90,103.45
183,197.84
164,190.7
89,136.05
145,155.83
142,184.01
37,37.8
171,132.65
94,159.87
103,114.86
151,156.73
75,157.9
94,79.16
158,189.27
82,109.08
48,57.88
171,181.85
121,86.86
117,119.69
86,69.74
126,142.09
16,12.94
138,117.46
22,21.36
29,31.07
114,105.98
165,175.19
140,170.96
141,174.34
42,70.76
50,97.59
232,184.31
168,151.17
139,156.04
26,21.76
53,42.78
189,185.79
111,115.99
145,127.81
122,141.95
22,23.82
36,43.14
10,8.6
15,16.16
74,57.91
45,78.06
170,182.84
50,43.42
58,69.71
173,178.88
112,180.35
99,141.26
142,175.7
166,167.64
102,120.43
76,112.98
182,160.61
31,40.36
74,146.43
257,186.18
122,106.07
145,159.09
63,88.22
111,88.29
88,74.89
57,84.85
209,149.15
208,112.28
68,90.34
56,68.22
26,20.99
45,78.05
106,84.7
51,75.45
186,209.14
82,120.82
177,173.54
250,199.81
113,137.51
165,197.01
80,64.1
232,212.04
51,44.64
73,104.38
67,95.45
147,161.28
151,170.21
11,12.42
116,126.32
119,70.44
218,119.83
126,116.42
48,96.72
2,7.65
280,157.46
152,112.05
68,86.5
81,121.13
176,189.09
134,114.06
13,26.05
126,198.82
324,229.12
93,89.75
82,154.29
148,129.92
18,28.52
39,68.2
33,91.03
119,147.22
27,67.69
185,141.72
148,135.88
71,58.5
75,100.1
64,109.0
168,187.78
64,98.73
129,142.12
223,209.34
225,142.78
70,53.22
188,147.99
212,115.69
105,86.92
62,94.14
128,141.12
24,83.33
85,101.87
199,151.29
236,102.27
32,62.04
187,181.2
77,76.47
70,67.65
33,25.7
152,202.51
45,71.9
99,115.15
79,146.92
84,105.08
151,199.16
49,44.34
138,173.31
152,147.4
76,135.01
58,49.96
109,132.73
145,176.92
175,198.66
132,128.21
149,168.49
83,95.6
4,1.59
182,120.85
27,38.15
187,187.6
110,98.82
216,198.39
9,18.13
52,89.39
76,80.73
39,33.33
121,140.54
9,9.0
202,129.73
6,9.2
24,21.06
173,174.46
144,156.54
135,135.11
253,114.18
208,158.52
227,184.61
20,33.18
25,29.78
36,87.59
171,127.39
153,182.54
104,118.0
143,153.88
80,81.1
26,25.41
73,102.05
78,103.8
73,114.2
139,92.01
84,153.85
4,7.11
122,183.63
28,29.62
148,166.35
88,70.1
31,27.7
171,185.29
79,56.78
92,73.9
5,10.49
31,78.83
247,189.32
85,90.05
57,74.14
148,166.03
201,107.17
83,85.2
153,169.96
86,114.17
186,188.23
184,222.96
156,165.37
14,28.76
63,102.5
82,161.7
218,208.85
152,137.34
30,59.21
28,20.4
86,88.83
37,42.54
211,113.37
28,15.16
44,44.13
41,42.72
44,30.14
74,67.81
8,12.54
15,17.95
148,166.33
163,167.48
94,126.42
20,31.36
197,199.87
11,17.21
148,153.07
49,45.32
78,71.54
36,34.25
163,156.84
196,173.9
108,167.91
111,124.92
106,135.43
63,72.67
47,48.22
79,130.05
62,57.36
44,40.12
38,64.58
106,113.03
239,234.32
173,148.69
113,97.67
14,14.31
233,122.42
250,173.55
10,12.04
96,121.05
33,24.15
15,15.73
188,161.62
152,133.94
112,121.02
164,151.42
143,129.37
143,117.17
57,97.23
94,120.79
126,111.27
3,4.27
22,23.97
100,88.63
175,174.77
46,45.77
126,105.26
43,36.15
84,86.96
98,180.14
54,105.01
122,96.16
87,120.71
132,149.73
164,162.87
2,1.42
87,136.66
200,185.35
126,79.89
23,25.93
54,37.2
34,41.51
125,176.26
62,84.6
22,31.15
136,147.65
112,126.18
114,116.06
147,98.12
197,172.29
54,34.28
79,128.17
275,220.43
116,88.76
253,127.33
6,8.21
8,17.71
89,113.19
2,13.77
44,65.44
106,135.05
66,73.21
50,59.81
82,91.86
85,120.45
187,192.48
55,97.28
155,144.86
41,42.92
36,66.8
18,23.15
2,3.76
110,148.43
2,6.53
106,116.18
121,101.8
1,4.95
32,36.19
94,135.52
89,70.68
224,183.64
17,6.94
38,34.6
110,103.71
93,90.51
116,131.75
45,36.42
91,68.3
212,129.68
35,30.73
180,155.89
48,74.0
91,142.3
39,36.03
22,22.27
164,180.46
16,4.92
89,72.14
79,87.94
193,199.14
0,5.56
103,138.67
169,182.51
18,17.0
35,77.7
265,182.95
41,37.82
99,134.45
101,128.19
79,77.08
150,197.73
193,208.98
57,99.25
235,118.2
15,14.81
62,76.09
271,197.97
108,104.22
175,89.42
109,91.9
58,41.11
43,49.34
45,44.35
26,30.46
16,35.53
282,235.82
184,181.44
85,107.31
18,12.0
194,228.72
107,137.31
153,173.29
130,138.92
82,79.36
191,187.7
18,13.23
4,4.39
17,18.22
127,159.42
204,180.47
14,5.33
101,92.11
109,116.27
130,121.29
85,79.61
114,178.89
121,184.33
81,56.2
105,106.05
168,172.59
15,25.19
67,68.49
175,186.58
137,153.46
152,161.31
48,105.62
7,11.77
103,121.67
120,121.54
6,8.26
133,171.38
75,82.64
48,32.75
193,156.59
182,136.87
46,54.71
22,55.63
36,83.61
99,70.92
281,166.04
3,6.99
108,136.53
331,221.07
211,169.71
186,201.48
66,124.08
279,147.25
18,23.86
47,103.96
23,33.87
93,158.24
26,71.34
96,89.71
198,231.29
147,148.28
113,63.96
185,176.21
93,114.02
136,178.0
156,162.67
38,34.95
54,37.64
68,110.5
6,5.53
56,129.23
36,26.09
228,129.23
23,33.18
53,101.58
73,145.87
23,23.23
42,52.69
7,24.4
46,84.0
81,132.63
137,67.6
81,71.76
46,28.7
151,74.35
145,173.97
204,153.12
25,36.13
224,223.51
159,166.08
32,32.3
134,160.62
179,98.4
140,151.89
120,149.95
109,132.93
135,130.59
75,119.53
120,171.02
6,6.54
57,129.47
130,153.91
11,14.16
125,109.21
114,128.67
95,79.77
48,119.76
141,143.27
130,156.7
47,64.24
150,110.61
121,120.2
100,57.9
264,167.15
39,32.0
93,131.57
156,170.58
109,73.42
85,163.92
269,172.54
33,47.69
128,150.14
162,193.48
142,167.88
73,143.01
163,193.41
129,178.08
193,188.77
0,2.76
136,118.96
28,31.25
22,34.21
129,200.98
156,174.69
64,57.77
5,3.76
134,135.73
0,2.12
13,14.54
301,179.47
83,144.49
58,113.43
84,120.79
12,20.11
134,129.22
189,149.75
97,131.87
58,48.11
144,158.36
168,191.13
66,74.33
168,177.18
60,56.41
119,117.56
45,92.2
52,61.96
28,52.95
81,110.6
176,136.73
33,78.42
124,169.05
49,91.21
139,144.78
289,223.71
129,119.95
115,96.45
97,112.8
5,4.56
77,72.67
173,182.19
213,169.59
132,155.91
193,189.4
78,106.2
266,217.44
138,134.9
226,113.89
65,68.5
21,25.44
230,172.99
165,180.01
126,157.96
137,167.74
122,160.82
57,66.11
62,47.33
136,160.45
9,9.59
6,10.35
52,115.59
71,66.44
77,140.55
134,153.09
31,40.55
179,182.44
188,104.63
15,21.46
184,199.81
50,38.05
113,122.9
149,225.65
179,172.41
146,147.08
101,99.98
65,63.27
39,33.74
20,22.56
144,179.33
194,178.0
167,142.57
86,68.49
158,181.53
191,224.09
109,168.45
182,187.87
128,74.59
47,35.05
116,197.28
154,154.04
141,110.47
112,158.83
116,138.91
63,132.32
35,37.08
24,45.94
122,135.42
96,128.86
156,157.85
125,118.38
25,28.11
226,155.71
139,150.77
36,37.59
71,62.12
50,40.89
210,202.77
96,154.04
197,199.63
151,207.02
49,54.45
104,107.59
16,18.68
172,213.46
224,183.15
50,119.32
87,86.97
136,191.77
136,108.43
134,54.52
92,103.81
129,161.06
262,174.23
9,21.75
79,104.55
58,60.18
73,87.42
267,190.91
183,127.62
98,126.01
168,180.93
29,21.7
65,59.84
113,191.32
23,38.29
94,74.43
174,144.8
260,177.78
209,169.93
193,159.2
120,154.92
212,199.38
145,134.42
67,138.86
136,174.15
176,174.62
134,194.56
143,147.24
77,76.07
102,98.5
137,165.55
155,184.67
50,93.94
25,41.01
133,178.35
148,118.69
109,118.84
176,133.16
144,204.23
31,27.03
28,48.68
179,180.52
130,108.97
99,119.09
129,138.12
183,104.89
135,193.85
169,80.95
13,27.64
135,77.98
72,120.24
15,13.75
24,22.17
152,185.83
139,175.43
238,187.83
125,162.12
176,181.89
125,196.69
37,36.57
209,217.39
53,72.89
71,81.44
0,3.47
98,166.71
3,8.21
95,110.94
54,76.57
356,204.68
68,78.24
111,138.19
86,67.84
130,198.58
3,7.32
239,179.53
174,177.91
339,211.45
81,113.82
16,13.04
170,118.73
107,105.68
179,172.44
160,181.67
28,28.03
111,162.93
71,111.92
123,164.84
104,150.66
110,127.28
72,112.85
157,180.99
81,93.73
21,21.96
26,30.78
103,129.95
81,104.12
75,43.84
179,125.92
28,26.68
190,217.12
144,166.94
68,88.08
172,198.21
35,57.73
117,124.72
12,20.47
70,76.9
44,56.76
108,102.58
179,241.17
88,97.39
178,138.53
134,100.35
127,147.09
53,37.04
191,198.86
127,173.67
112,82.28
55,69.74
144,157.44
165,173.68
191,194.43
196,155.55
324,192.4
142,173.16
126,100.34
110,114.49
169,136.08
12,12.3
47,57.91
80,151.44
252,150.95
73,69.31
79,76.46
161,160.25
16,15.33
207,205.29
21,36.14
124,87.23
35,33.61
96,124.6
131,99.24
68,157.88
73,63.09
83,110.24
79,64.92
216,190.94
90,82.55
94,98.16
181,215.77
93,103.93
26,27.43
149,196.54
173,165.43
75,121.98
3,4.89
84,108.57
180,186.86
145,210.9
87,115.9
89,139.5
18,43.16
5,10.87
102,129.58
63,46.8
183,204.96
253,200.79
54,80.65
77,75.27
37,68.13
138,105.13
138,174.14
183,190.68
83,68.81
142,144.06
139,145.48
29,25.7
78,115.25
167,175.81
117,134.41
7,9.64
204,119.59
72,111.0
90,86.6
11,9.55
165,185.07
17,17.58
135,171.09
114,98.19
115,132.23
80,109.14
31,58.62
50,39.44
265,124.31
79,109.19
45,80.79
48,45.8
22,43.21
11,15.83
237,174.03
198,198.82
180,214.41
21,19.57
141,193.78
0,1.92
32,33.62
183,206.42
137,102.48
118,148.98
112,113.6
97,70.35
40,79.04
28,29.69
2,4.33
107,178.82
255,197.06
122,142.79
130,134.56
120,159.44
191,200.81
59,90.55
32,32.34
127,184.79
152,119.57
231,223.55
110,134.54
162,152.33
184,206.54
103,95.73
121,123.18
104,125.25
187,100.7
